,Term,NumPostings
11,R,33.3333333333
8,C++,11.1111111111
2,Java,11.1111111111
20,SQL,11.1111111111
6,Excel,11.1111111111
18,Python,11.1111111111
9,Perl,11.1111111111
21,MapReduce,0.0
22,SPSS,0.0
23,Oozie,0.0
0,D3.js,0.0
24,SAS,0.0
25,Spark,0.0
26,Pig,0.0
27,Ruby,0.0
28,D3,0.0
19,MongoDB,0.0
15,Hive,0.0
17,Shark,0.0
16,Flume,0.0
1,ZooKeeper,0.0
14,Tableau,0.0
13,HBase,0.0
12,Matlab,0.0
10,Mahout,0.0
7,Hadoop,0.0
5,JavaScript,0.0
4,Scala,0.0
3,NoSQL,0.0
29,Cassandra,0.0
