,Term,NumPostings
11,R,30.7692307692
18,Python,15.3846153846
6,Excel,15.3846153846
22,SPSS,7.69230769231
9,Perl,7.69230769231
24,SAS,7.69230769231
8,C++,7.69230769231
27,Ruby,7.69230769231
25,Spark,0.0
17,Shark,0.0
26,Pig,0.0
23,Oozie,0.0
28,D3,0.0
21,MapReduce,0.0
20,SQL,0.0
19,MongoDB,0.0
0,D3.js,0.0
15,Hive,0.0
16,Flume,0.0
1,ZooKeeper,0.0
14,Tableau,0.0
13,HBase,0.0
12,Matlab,0.0
10,Mahout,0.0
7,Hadoop,0.0
5,JavaScript,0.0
4,Scala,0.0
3,NoSQL,0.0
2,Java,0.0
29,Cassandra,0.0
