,Term,NumPostings
2,Java,16.6666666667
8,C++,16.6666666667
18,Python,16.6666666667
3,NoSQL,8.33333333333
4,Scala,8.33333333333
6,Excel,8.33333333333
25,Spark,8.33333333333
11,R,8.33333333333
24,SAS,8.33333333333
0,D3.js,0.0
22,SPSS,0.0
20,SQL,0.0
21,MapReduce,0.0
26,Pig,0.0
23,Oozie,0.0
27,Ruby,0.0
28,D3,0.0
19,MongoDB,0.0
15,Hive,0.0
17,Shark,0.0
16,Flume,0.0
1,ZooKeeper,0.0
14,Tableau,0.0
13,HBase,0.0
12,Matlab,0.0
10,Mahout,0.0
9,Perl,0.0
7,Hadoop,0.0
5,JavaScript,0.0
29,Cassandra,0.0
